{"cameraMode":{"drawMode":0,"name":"Shaded","section":"Shading Mode"},"sceneLighting":true,"audioPlay":false,"sceneViewState":{"showFog":true,"showMaterialUpdate":false,"showSkybox":true,"showFlares":true,"showImageEffects":true,"showParticleSystems":true},"in2DMode":false,"pivot":{"x":5.247066497802734,"y":-129.4747772216797,"z":109.76821899414063},"rotation":{"x":-0.29879775643348696,"y":0.12733803689479829,"z":-0.04116908460855484,"w":-0.9451562762260437},"size":46.658973693847659,"orthographic":false}