{"cameraMode":{"drawMode":0,"name":"Shaded","section":"Shading Mode"},"sceneLighting":true,"audioPlay":false,"sceneViewState":{"showFog":true,"showMaterialUpdate":false,"showSkybox":true,"showFlares":true,"showImageEffects":true,"showParticleSystems":true},"in2DMode":false,"pivot":{"x":-30.553077697753908,"y":-125.3712387084961,"z":103.962890625},"rotation":{"x":0.3548717796802521,"y":-0.6224923729896545,"z":0.375988245010376,"w":0.5876653790473938},"size":28.943750381469728,"orthographic":false}