{"cameraMode":{"drawMode":0,"name":"Shaded","section":"Shading Mode"},"sceneLighting":true,"audioPlay":false,"sceneViewState":{"showFog":true,"showMaterialUpdate":false,"showSkybox":true,"showFlares":true,"showImageEffects":true,"showParticleSystems":true},"in2DMode":false,"pivot":{"x":6.902594566345215,"y":-0.14189451932907105,"z":33.09816360473633},"rotation":{"x":0.04601317271590233,"y":-0.6657860279083252,"z":0.0412200428545475,"w":0.7436726093292236},"size":4.71893835067749,"orthographic":false}