{"cameraMode":{"drawMode":0,"name":"Shaded","section":"Shading Mode"},"sceneLighting":true,"audioPlay":false,"sceneViewState":{"showFog":true,"showMaterialUpdate":false,"showSkybox":true,"showFlares":true,"showImageEffects":true,"showParticleSystems":true},"in2DMode":false,"pivot":{"x":18.368192672729493,"y":-110.47136688232422,"z":131.16094970703126},"rotation":{"x":0.09062043577432633,"y":-0.7056604623794556,"z":0.09175410121679306,"w":0.6968219876289368},"size":2.8448143005371095,"orthographic":false}